[{"model": "swingtime.note", "pk": 1, "fields": {"note": "Le tour du monde en 80 jours, c'est une com\u00e9die en 80 fous rires. C'est le mariage fou entre OSS117 et les Monty Python.", "created": "2019-02-26T19:34:46.386Z", "content_type": 14, "object_id": 1}}, {"model": "swingtime.note", "pk": 2, "fields": {"note": "C'est la travers\u00e9e d\u00e9lirante des 4 continents et de tous les oc\u00e9ans du monde.\r\nCe sont 5 acteurs compl\u00e8tement cingl\u00e9s. \r\nC'est le premier spectacle flash\u00e9 \u00e0 210 sur l'autoroute.", "created": "2019-02-26T19:34:46.416Z", "content_type": 14, "object_id": 1}}, {"model": "swingtime.note", "pk": 3, "fields": {"note": "3 femmes divorcent et partagent le m\u00eame appartement, St\u00e9phanie d'Humilly de Malanpry la bourgeoise , Mary Bybowl la british d\u00e9lur\u00e9e, et Brigitte la rurale.", "created": "2019-02-26T20:04:50.224Z", "content_type": 14, "object_id": 2}}, {"model": "swingtime.note", "pk": 4, "fields": {"note": "St\u00e9phanie d'Humily de Malanpry, une bourgeoise qui vient de quitter un berger ard\u00e9chois d\u00e9cide de changer de vie en partant s'installer \u00e0 Paris. \r\nPour vivre dans son grand appartement elle cherche deux colocataires, qu'elle va trouver sous les traits de deux autres femmes divorc\u00e9es : Mary Bybowl, une anglaise un peu d\u00e9lur\u00e9e qui vient de quitter un homme de plus ; et Brigitte, la rurale qui divorce aussi. \r\nCes trois femmes aux caract\u00e8res et statuts sociaux diff\u00e9rents vont traverser cette \u00e9preuve en se soutenant mutuellement.", "created": "2019-02-26T20:04:50.238Z", "content_type": 14, "object_id": 2}}, {"model": "swingtime.note", "pk": 5, "fields": {"note": "Quand les femmes font comme les hommes !", "created": "2019-02-27T07:55:40.400Z", "content_type": 14, "object_id": 3}}, {"model": "swingtime.note", "pk": 6, "fields": {"note": "Et si les femmes \u00e9taient le sexe fort ? \r\nEt si les r\u00f4les \u00e9taient inverses ? \r\nEt si elles ne croyaient plus au grand amour ? \r\nEt si l'homme id\u00e9al venait frapper \u00e0 leur porte ? \r\nEt si elles voulaient consommer le premier soir ? \r\nEt si l'homme \u00e9tait plus romantique que la femme ? \r\nQuand la belle ne croit plus au prince charmant !", "created": "2019-02-27T07:55:40.448Z", "content_type": 14, "object_id": 3}}, {"model": "swingtime.note", "pk": 7, "fields": {"note": "Construit en 1852 par l'architecte Jacques Hittorff, il \u00e9tait appel\u00e9 autrefois Cirque Napol\u00e9on.", "created": "2019-02-27T08:00:46.078Z", "content_type": 14, "object_id": 4}}, {"model": "swingtime.note", "pk": 8, "fields": {"note": "Le cirque d'hiver fait l'objet d'une inscription au titre des monuments historiques depuis le 10 f\u00e9vrier 1975. Le Cirque Napol\u00e9on se dessine sur 42 m\u00e8tres de diam\u00e8tre, 40 fen\u00eatres r\u00e9parties sur 20 pans, 21 lustres \u00e0 gaz, 5 900 places. Une d\u00e9coration int\u00e9rieure et ext\u00e9rieure confi\u00e9e aux grands sculpteurs et peintres de l'\u00e9poque: Pradier, Bosio, Gosse, Barrias. Franconi et Baucher sont les r\u00e9gisseurs de ce Cirque vou\u00e9 pour l'essentiel \u00e0 l'art \u00e9questre. La salle dispose de WC adapt\u00e9s pour personnes \u00e0 mobilit\u00e9 r\u00e9duite.", "created": "2019-02-27T08:00:46.090Z", "content_type": 14, "object_id": 4}}, {"model": "swingtime.note", "pk": 9, "fields": {"note": "Nora va venir vous raconter des choses.", "created": "2019-02-27T08:17:56.749Z", "content_type": 14, "object_id": 5}}, {"model": "swingtime.note", "pk": 10, "fields": {"note": "Et selon vos r\u00e9actions, soit ces choses-l\u00e0 se retrouveront dans son prochain spectacle, soit elles se dissoudront dans l'espace-temps pour ne plus jamais revenir \u00e0 la surface de la Terre (ou d'une sc\u00e8ne).", "created": "2019-02-27T08:17:56.761Z", "content_type": 14, "object_id": 5}}, {"model": "swingtime.note", "pk": 11, "fields": {"note": "Monsieur Lapin et ses amis ont peur d'aller se coucher : le loup est revenu ! Il est conseill\u00e9 de fermer la porte \u00e0 clef ! De n'ouvrir \u00e0 personne !", "created": "2019-02-27T08:21:21.974Z", "content_type": 14, "object_id": 6}}, {"model": "swingtime.note", "pk": 12, "fields": {"note": "L'incroyable destin d'Alan Turing, le math\u00e9maticien anglais qui a bris\u00e9 le code secret de l'Enigma allemande pendant la Seconde Guerre mondiale.", "created": "2019-02-27T08:25:19.120Z", "content_type": 14, "object_id": 7}}, {"model": "swingtime.note", "pk": 13, "fields": {"note": "Turing a construit une machine pensante qui se r\u00e9v\u00e8lera \u00eatre le premier ordinateur. Contraint au silence par les services secrets, il fut condamn\u00e9 pour homosexualit\u00e9, avant de se suicider en croquant une pomme empoisonn\u00e9e rappelant \u00e9trangement un c\u00e9l\u00e8bre logo...", "created": "2019-02-27T08:25:19.132Z", "content_type": 14, "object_id": 7}}, {"model": "swingtime.note", "pk": 14, "fields": {"note": "Entre hommes et femmes, une seule r\u00e8gle : ne pas se f\u00e2cher !", "created": "2019-02-27T08:32:11.413Z", "content_type": 14, "object_id": 8}}, {"model": "swingtime.note", "pk": 15, "fields": {"note": "Doit-on tout se dire lorsque l'on est en couple ? Florence et Damien sont ensemble depuis sept ans. Florence d\u00e9cide qu'il est temps de ne plus rien se cacher pour faire durer son couple. Alors, le temps d'un weekend, ils vont jouer la transparence totale et tout se dire... Leur contrainte : ne jamais se f\u00e2cher ! \r\nLa famille, les amis, le quotidien, tout y passe ! \r\n\r\nFlorence et Damien arriveront-ils \u00e0 relever le d\u00e9fi ?", "created": "2019-02-27T08:32:11.425Z", "content_type": 14, "object_id": 8}}, {"model": "swingtime.note", "pk": 16, "fields": {"note": "Depuis 2009, d\u00e9j\u00e0 plus de 500.000 m\u00e9lanomes \u00e0 travers l'Europe ont assist\u00e9 \u00e0 ce concert.", "created": "2019-02-27T08:37:41.109Z", "content_type": 14, "object_id": 9}}, {"model": "swingtime.note", "pk": 17, "fields": {"note": "Une histoire dr\u00f4le et \u00e9mouvante, ponctu\u00e9e de num\u00e9ros de magie : apparitions, disparitions, transformations, l\u00e9vitations saupoudr\u00e9es de musiques, de chansons et d'un ballet d'ombres chinoises...", "created": "2019-02-27T08:40:33.628Z", "content_type": 14, "object_id": 10}}, {"model": "swingtime.note", "pk": 18, "fields": {"note": "Embarquez en famille pour une aventure fantastique et pleine de rebondissements avec cette adaptation en com\u00e9die musicale du c\u00e9l\u00e8bre conte d'Andersen !", "created": "2019-02-27T08:48:45.420Z", "content_type": 14, "object_id": 11}}, {"model": "swingtime.note", "pk": 19, "fields": {"note": "A Londres, la petite Emma doit vendre des allumettes dans la rue. N'y parvenant pas, elle finit par craquer l'une d'entre elles pour se r\u00e9chauffer...\r\nEt soudain, elle est embarqu\u00e9e au coeur d'un royaume imaginaire ! Elle y retrouve sa grand-m\u00e8re, prisonni\u00e8re du cruel Fragotov. Elle y croise \u00e9galement des personnages dr\u00f4les et attachants, comme Monstro Falco, de courageux pirates et Olga, une voyante d\u00e9lirante !", "created": "2019-02-27T08:48:45.432Z", "content_type": 14, "object_id": 11}}, {"model": "swingtime.note", "pk": 20, "fields": {"note": "Emma parviendra-t-elle \u00e0 combattre Fragotov et \u00e0 sauver sa grand-m\u00e8re ? Une aventure fantastique pleine de rebondissements !", "created": "2019-02-27T08:48:45.444Z", "content_type": 14, "object_id": 11}}, {"model": "swingtime.note", "pk": 21, "fields": {"note": "Un plateau d'artistes d\u00e9jant\u00e9s qui n'\u00e9pargnent personne ! Tous les travers quotidiens du couple pass\u00e9s en revue par des humoristes survolt\u00e9s !", "created": "2019-02-27T09:12:12.589Z", "content_type": 14, "object_id": 12}}, {"model": "swingtime.note", "pk": 22, "fields": {"note": "Apr\u00e8s avoir re\u00e7u une lettre de rupture de sa petite amie, Jer\u00f4me fait appel \u00e0 ses deux meilleurs amis Alexis et St\u00e9phane, afin de trouver une solution pour la reconqu\u00e9rir.", "created": "2019-02-27T09:12:12.601Z", "content_type": 14, "object_id": 12}}, {"model": "swingtime.note", "pk": 23, "fields": {"note": "Je vais te raconter un destin hors du commun, une aventure extraordinaire, un combat \u00e9pique entre les t\u00e9n\u00e8bres et la lumi\u00e8re.", "created": "2019-02-28T12:57:42.976Z", "content_type": 14, "object_id": 13}}, {"model": "swingtime.note", "pk": 24, "fields": {"note": "La v\u00e9ritable histoire d'un enfant dont l'ardeur de vivre se fracasse contre la monstruosit\u00e9 des hommes attis\u00e9e par le chaos d'une \u00e9poque.", "created": "2019-02-28T12:57:43.002Z", "content_type": 14, "object_id": 13}}, {"model": "swingtime.note", "pk": 25, "fields": {"note": "Tu seras r\u00e9volt\u00e9, horrifi\u00e9, tu perdras pied. Peut-\u00eatre esp\u00e8reras-tu un miracle. et ne t'accrocheras-tu qu'\u00e0 des chim\u00e8res ensorcelantes. Peut-\u00eatre pleureras-tu. Mais je te promets que toujours ton coeur cognera dans ta poitrine, que la flamme de l'espoir se m\u00ealera \u00e0 tes larmes et qu'\u00e0 la fin du r\u00e9cit ton envie de vivre sera d\u00e9cupl\u00e9e.", "created": "2019-02-28T12:57:43.016Z", "content_type": 14, "object_id": 13}}, {"model": "swingtime.note", "pk": 26, "fields": {"note": "Plus qu'un voyage litt\u00e9raire soutenu et bouleversant, \"Une histoire vraie\" est un r\u00e9cit immersif puissant magnifi\u00e9 par la po\u00e9sie des mots et des images, et le jeu d'Esteban m\u00eal\u00e9 au violoncelle d'Erwan. Une plong\u00e9e vertigineuse et un plaidoyer humaniste indispensable contre l'amn\u00e9sie meurtri\u00e8re de notre \u00e9poque.", "created": "2019-02-28T12:57:43.030Z", "content_type": 14, "object_id": 13}}, {"model": "swingtime.note", "pk": 27, "fields": {"note": "10 dates exceptionnelles \u00e0 Paris avant l'exploitation au festival d'Avignon en juillet prochain. Rencontre avec l'\u00e9quipe et s\u00e9ance de d\u00e9dicaces avec l'auteur apr\u00e8s le spectacle.", "created": "2019-02-28T12:57:43.046Z", "content_type": 14, "object_id": 13}}, {"model": "swingtime.eventtype", "pk": 1, "fields": {"parent": null, "sib_order": 1, "label": "Spectacles"}}, {"model": "swingtime.eventtype", "pk": 2, "fields": {"parent": 1, "sib_order": 6, "label": "Danse"}}, {"model": "swingtime.eventtype", "pk": 3, "fields": {"parent": 1, "sib_order": 5, "label": "Op\u00e9ra, Op\u00e9rette"}}, {"model": "swingtime.eventtype", "pk": 4, "fields": {"parent": 1, "sib_order": 4, "label": "Festivals"}}, {"model": "swingtime.eventtype", "pk": 5, "fields": {"parent": 1, "sib_order": 3, "label": "Caf\u00e9-Th\u00e9\u00e2tre / One man show"}}, {"model": "swingtime.eventtype", "pk": 6, "fields": {"parent": 1, "sib_order": 2, "label": "Com\u00e9die musicale, cabaret, shows, danse"}}, {"model": "swingtime.eventtype", "pk": 7, "fields": {"parent": 1, "sib_order": 1, "label": "Expression libre"}}, {"model": "swingtime.eventtype", "pk": 8, "fields": {"parent": null, "sib_order": 2, "label": "Th\u00e9\u00e2tre"}}, {"model": "swingtime.eventtype", "pk": 9, "fields": {"parent": 8, "sib_order": 11, "label": "Lecture / Po\u00e9sie / Contes"}}, {"model": "swingtime.eventtype", "pk": 10, "fields": {"parent": 8, "sib_order": 10, "label": "Mimes, Marionnettes pour Adultes"}}, {"model": "swingtime.eventtype", "pk": 11, "fields": {"parent": 8, "sib_order": 9, "label": "Contes pour Adultes"}}, {"model": "swingtime.eventtype", "pk": 12, "fields": {"parent": 8, "sib_order": 8, "label": "Com\u00e9die dramatique"}}, {"model": "swingtime.eventtype", "pk": 13, "fields": {"parent": 8, "sib_order": 7, "label": "Autres pieces"}}, {"model": "swingtime.eventtype", "pk": 14, "fields": {"parent": 8, "sib_order": 6, "label": "Th\u00e9\u00e2tre dramatique"}}, {"model": "swingtime.eventtype", "pk": 15, "fields": {"parent": 8, "sib_order": 5, "label": "Seul(e) en Sc\u00e8ne"}}, {"model": "swingtime.eventtype", "pk": 16, "fields": {"parent": 8, "sib_order": 4, "label": "Th\u00e9\u00e2tre musical"}}, {"model": "swingtime.eventtype", "pk": 17, "fields": {"parent": 8, "sib_order": 3, "label": "Com\u00e9die"}}, {"model": "swingtime.eventtype", "pk": 18, "fields": {"parent": 8, "sib_order": 2, "label": "Th\u00e9\u00e2tre contemporain"}}, {"model": "swingtime.eventtype", "pk": 19, "fields": {"parent": 8, "sib_order": 1, "label": "Th\u00e9\u00e2tre classique"}}, {"model": "swingtime.eventtype", "pk": 20, "fields": {"parent": null, "sib_order": 3, "label": "Concerts"}}, {"model": "swingtime.eventtype", "pk": 21, "fields": {"parent": 20, "sib_order": 14, "label": "Soul - Funk - Reggae - R'n'B"}}, {"model": "swingtime.eventtype", "pk": 22, "fields": {"parent": 20, "sib_order": 13, "label": "Punk - Hardcore"}}, {"model": "swingtime.eventtype", "pk": 23, "fields": {"parent": 20, "sib_order": 12, "label": "Plateau d'artistes"}}, {"model": "swingtime.eventtype", "pk": 24, "fields": {"parent": 20, "sib_order": 11, "label": "Boeuf / Jam sessions"}}, {"model": "swingtime.eventtype", "pk": 25, "fields": {"parent": 20, "sib_order": 10, "label": "Hard Rock Metal"}}, {"model": "swingtime.eventtype", "pk": 26, "fields": {"parent": 20, "sib_order": 9, "label": "Rap / R'n'b / Slam /Hip hop"}}, {"model": "swingtime.eventtype", "pk": 27, "fields": {"parent": 20, "sib_order": 8, "label": "Concerts Divers"}}, {"model": "swingtime.eventtype", "pk": 28, "fields": {"parent": 20, "sib_order": 7, "label": "Musique \u00e9lectronique"}}, {"model": "swingtime.eventtype", "pk": 29, "fields": {"parent": 20, "sib_order": 6, "label": "Jazz / Blues / Gospel"}}, {"model": "swingtime.eventtype", "pk": 30, "fields": {"parent": 20, "sib_order": 5, "label": "Pop / Rock / Folk"}}, {"model": "swingtime.eventtype", "pk": 31, "fields": {"parent": 20, "sib_order": 4, "label": "Vari\u00e9t\u00e9 Internationale"}}, {"model": "swingtime.eventtype", "pk": 32, "fields": {"parent": 20, "sib_order": 3, "label": "Chanson Fran\u00e7aise"}}, {"model": "swingtime.eventtype", "pk": 33, "fields": {"parent": 20, "sib_order": 2, "label": "Musique du monde"}}, {"model": "swingtime.eventtype", "pk": 34, "fields": {"parent": 20, "sib_order": 1, "label": "Musique classique"}}, {"model": "swingtime.eventtype", "pk": 35, "fields": {"parent": null, "sib_order": 4, "label": "Loisirs"}}, {"model": "swingtime.eventtype", "pk": 36, "fields": {"parent": 35, "sib_order": 14, "label": "Cin\u00e9-Concert"}}, {"model": "swingtime.eventtype", "pk": 37, "fields": {"parent": 35, "sib_order": 13, "label": "Lecture / Rencontre / Conf\u00e9rence / Masterclass"}}, {"model": "swingtime.eventtype", "pk": 38, "fields": {"parent": 35, "sib_order": 12, "label": "Bien-\u00eatre - D\u00e9tente"}}, {"model": "swingtime.eventtype", "pk": 39, "fields": {"parent": 35, "sib_order": 11, "label": "Carnaval"}}, {"model": "swingtime.eventtype", "pk": 40, "fields": {"parent": 35, "sib_order": 10, "label": "Atelier / Stage"}}, {"model": "swingtime.eventtype", "pk": 41, "fields": {"parent": 35, "sib_order": 9, "label": "Monuments"}}, {"model": "swingtime.eventtype", "pk": 42, "fields": {"parent": 35, "sib_order": 8, "label": "Croisi\u00e8re"}}, {"model": "swingtime.eventtype", "pk": 43, "fields": {"parent": 35, "sib_order": 7, "label": "Aquarium"}}, {"model": "swingtime.eventtype", "pk": 44, "fields": {"parent": 35, "sib_order": 6, "label": "Visite guid\u00e9e, Excursions"}}, {"model": "swingtime.eventtype", "pk": 45, "fields": {"parent": 35, "sib_order": 5, "label": "Parcs de loisirs"}}, {"model": "swingtime.eventtype", "pk": 46, "fields": {"parent": 35, "sib_order": 4, "label": "Sport"}}, {"model": "swingtime.eventtype", "pk": 47, "fields": {"parent": 35, "sib_order": 3, "label": "Mus\u00e9es / Expos"}}, {"model": "swingtime.eventtype", "pk": 48, "fields": {"parent": 35, "sib_order": 2, "label": "Bapt\u00eame de l'air et initiation"}}, {"model": "swingtime.eventtype", "pk": 49, "fields": {"parent": 35, "sib_order": 1, "label": "Salons"}}, {"model": "swingtime.eventtype", "pk": 50, "fields": {"parent": null, "sib_order": 5, "label": "Soir\u00e9es"}}, {"model": "swingtime.eventtype", "pk": 51, "fields": {"parent": null, "sib_order": 6, "label": "Spectacles Enfants"}}, {"model": "swingtime.eventtype", "pk": 52, "fields": {"parent": 51, "sib_order": 9, "label": "Magie, Mime, clown"}}, {"model": "swingtime.eventtype", "pk": 53, "fields": {"parent": 51, "sib_order": 8, "label": "Cin\u00e9ma / Cin\u00e9-Concert en famille"}}, {"model": "swingtime.eventtype", "pk": 54, "fields": {"parent": 51, "sib_order": 7, "label": "Concert pour Enfants"}}, {"model": "swingtime.eventtype", "pk": 55, "fields": {"parent": 51, "sib_order": 6, "label": "Spectacle Musical"}}, {"model": "swingtime.eventtype", "pk": 56, "fields": {"parent": 51, "sib_order": 5, "label": "Th\u00e9\u00e2tre Enfant"}}, {"model": "swingtime.eventtype", "pk": 57, "fields": {"parent": 51, "sib_order": 4, "label": "Mus\u00e9e / Expo"}}, {"model": "swingtime.eventtype", "pk": 58, "fields": {"parent": 51, "sib_order": 3, "label": "Cirque pour enfants"}}, {"model": "swingtime.eventtype", "pk": 59, "fields": {"parent": 51, "sib_order": 2, "label": "Danse pour enfants"}}, {"model": "swingtime.eventtype", "pk": 60, "fields": {"parent": 51, "sib_order": 1, "label": "Op\u00e9ra pour enfants"}}, {"model": "swingtime.eventtype", "pk": 61, "fields": {"parent": null, "sib_order": 7, "label": "Cirque"}}, {"model": "swingtime.eventtype", "pk": 62, "fields": {"parent": 61, "sib_order": 2, "label": "Cirque traditionnel"}}, {"model": "swingtime.eventtype", "pk": 63, "fields": {"parent": 61, "sib_order": 1, "label": "Cirque Contemporain"}}, {"model": "swingtime.event", "pk": 1, "fields": {"title": "Le tour du monde en 80 jours", "event_type": 17, "recurrences": null}}, {"model": "swingtime.event", "pk": 2, "fields": {"title": "Le Clan des divorc\u00e9es", "event_type": 17, "recurrences": null}}, {"model": "swingtime.event", "pk": 3, "fields": {"title": "Jamais le deuxi\u00e8me soir !", "event_type": 1, "recurrences": null}}, {"model": "swingtime.event", "pk": 4, "fields": {"title": "Cirque d'Hiver Bouglione", "event_type": 62, "recurrences": "RRULE:FREQ=WEEKLY;UNTIL=20190429T220000Z;BYDAY=WE,SA;BYHOUR=15;BYMINUTE=0"}}, {"model": "swingtime.event", "pk": 5, "fields": {"title": "Nora Hamzawi", "event_type": 5, "recurrences": null}}, {"model": "swingtime.event", "pk": 6, "fields": {"title": "Le loup est revenu", "event_type": 56, "recurrences": null}}, {"model": "swingtime.event", "pk": 7, "fields": {"title": "La Machine de Turing", "event_type": 18, "recurrences": null}}, {"model": "swingtime.event", "pk": 8, "fields": {"title": "Ch\u00e9ri, on se dit tout !", "event_type": 17, "recurrences": "RRULE:FREQ=WEEKLY;UNTIL=20190430T220000Z;BYDAY=SA;BYHOUR=18;BYMINUTE=30"}}, {"model": "swingtime.event", "pk": 9, "fields": {"title": "Requiem de Mozart", "event_type": 1, "recurrences": null}}, {"model": "swingtime.event", "pk": 10, "fields": {"title": "Tom le magicien", "event_type": 52, "recurrences": null}}, {"model": "swingtime.event", "pk": 11, "fields": {"title": "La petite fille aux allumettes", "event_type": 55, "recurrences": null}}, {"model": "swingtime.event", "pk": 12, "fields": {"title": "Desperate Housemen", "event_type": 5, "recurrences": null}}, {"model": "swingtime.event", "pk": 13, "fields": {"title": "Une histoire vraie", "event_type": 1, "recurrences": null}}, {"model": "catalogue.author", "pk": 1, "fields": {"name": "Sebastien Azzopardi"}}, {"model": "catalogue.author", "pk": 2, "fields": {"name": "Sacha Danino"}}, {"model": "catalogue.author", "pk": 3, "fields": {"name": "Alil Vardar"}}, {"model": "catalogue.author", "pk": 4, "fields": {"name": "Enver Recepovic"}}, {"model": "catalogue.author", "pk": 5, "fields": {"name": "Patrick Hernandez"}}, {"model": "catalogue.author", "pk": 6, "fields": {"name": "Benoit Sol\u00e8s"}}, {"model": "catalogue.author", "pk": 7, "fields": {"name": "Benoit Labannierre"}}, {"model": "catalogue.author", "pk": 8, "fields": {"name": "Guilhem Connac"}}, {"model": "catalogue.author", "pk": 9, "fields": {"name": "Thierry Batteux"}}, {"model": "catalogue.author", "pk": 10, "fields": {"name": "Ludovic-Alexandre Vidal"}}, {"model": "catalogue.author", "pk": 11, "fields": {"name": "Anthony Michineau"}}, {"model": "catalogue.author", "pk": 12, "fields": {"name": "Julien Salvia"}}, {"model": "catalogue.author", "pk": 13, "fields": {"name": "Andersen"}}, {"model": "catalogue.author", "pk": 14, "fields": {"name": "Esteban Perroy"}}, {"model": "catalogue.artist", "pk": 1, "fields": {"name": "S\u00e9bastien Azzopardi"}}, {"model": "catalogue.artist", "pk": 2, "fields": {"name": "Pierre Cachia"}}, {"model": "catalogue.artist", "pk": 3, "fields": {"name": "Erwan Creignou"}}, {"model": "catalogue.artist", "pk": 4, "fields": {"name": "Margaux Maillet"}}, {"model": "catalogue.artist", "pk": 5, "fields": {"name": "Beno\u00eet Tachoires"}}, {"model": "catalogue.artist", "pk": 6, "fields": {"name": "Jean-marc Landes"}}, {"model": "catalogue.artist", "pk": 7, "fields": {"name": "Arsene Mosca"}}, {"model": "catalogue.artist", "pk": 8, "fields": {"name": "S\u00e9gol\u00e8ne Prunier"}}, {"model": "catalogue.artist", "pk": 9, "fields": {"name": "Ambre Rochard"}}, {"model": "catalogue.artist", "pk": 10, "fields": {"name": "Jade Rose parker"}}, {"model": "catalogue.artist", "pk": 11, "fields": {"name": "Sylvie Loeillet"}}, {"model": "catalogue.artist", "pk": 12, "fields": {"name": "Thomas Perrin"}}, {"model": "catalogue.artist", "pk": 13, "fields": {"name": "Sh\u00e9raze Sa\u00efd"}}, {"model": "catalogue.artist", "pk": 14, "fields": {"name": "Virginie Pothier"}}, {"model": "catalogue.artist", "pk": 15, "fields": {"name": "B\u00e9r\u00e9nice Bala"}}, {"model": "catalogue.artist", "pk": 16, "fields": {"name": "Audrey Baldassare"}}, {"model": "catalogue.artist", "pk": 17, "fields": {"name": "R\u00e9gis Lionti"}}, {"model": "catalogue.artist", "pk": 18, "fields": {"name": "Polo Anid"}}, {"model": "catalogue.artist", "pk": 19, "fields": {"name": "Ingrid Guervenou"}}, {"model": "catalogue.artist", "pk": 20, "fields": {"name": "C\u00e9cile Marx"}}, {"model": "catalogue.artist", "pk": 21, "fields": {"name": "Loelia Salvador"}}, {"model": "catalogue.artist", "pk": 22, "fields": {"name": "Camille Roy"}}, {"model": "catalogue.artist", "pk": 23, "fields": {"name": "Alex Coquoin"}}, {"model": "catalogue.artist", "pk": 24, "fields": {"name": "Constance Pizon"}}, {"model": "catalogue.artist", "pk": 25, "fields": {"name": "Nora Hamzawi"}}, {"model": "catalogue.artist", "pk": 26, "fields": {"name": "Benoit Sol\u00e8s"}}, {"model": "catalogue.artist", "pk": 27, "fields": {"name": "Amaury de Crayencour"}}, {"model": "catalogue.artist", "pk": 28, "fields": {"name": "Maroussia Henrich"}}, {"model": "catalogue.artist", "pk": 29, "fields": {"name": "Valentine Revel-Mouroz"}}, {"model": "catalogue.artist", "pk": 30, "fields": {"name": "Serge Bonafous"}}, {"model": "catalogue.artist", "pk": 31, "fields": {"name": "Erwan Orain"}}, {"model": "catalogue.artist", "pk": 32, "fields": {"name": "Choeur"}}, {"model": "catalogue.artist", "pk": 33, "fields": {"name": "solistes de l'Op\u00e9ra de Prague"}}, {"model": "catalogue.artist", "pk": 34, "fields": {"name": "Orchestre philharmonique r\u00e9publique tch\u00e8que"}}, {"model": "catalogue.artist", "pk": 35, "fields": {"name": "Thierry Batteux"}}, {"model": "catalogue.artist", "pk": 36, "fields": {"name": "Lilly Caruso"}}, {"model": "catalogue.artist", "pk": 37, "fields": {"name": "Florian Cl\u00e9ret"}}, {"model": "catalogue.artist", "pk": 38, "fields": {"name": "marlene connan"}}, {"model": "catalogue.artist", "pk": 39, "fields": {"name": "Sophie Delmas"}}, {"model": "catalogue.artist", "pk": 40, "fields": {"name": "Alexandre Faitrouni"}}, {"model": "catalogue.artist", "pk": 41, "fields": {"name": "gaelle gauthier"}}, {"model": "catalogue.artist", "pk": 42, "fields": {"name": "Eva Gentili"}}, {"model": "catalogue.artist", "pk": 43, "fields": {"name": "Maxime Guerville"}}, {"model": "catalogue.artist", "pk": 44, "fields": {"name": "V\u00e9ronique Hatat"}}, {"model": "catalogue.artist", "pk": 45, "fields": {"name": "Julien Mior"}}, {"model": "catalogue.artist", "pk": 46, "fields": {"name": "nathalie lermitte"}}, {"model": "catalogue.artist", "pk": 47, "fields": {"name": "Ang\u00e9lique Magnan"}}, {"model": "catalogue.artist", "pk": 48, "fields": {"name": "loai rahman"}}, {"model": "catalogue.artist", "pk": 49, "fields": {"name": "S\u00e9bastiao Saramago"}}, {"model": "catalogue.artist", "pk": 50, "fields": {"name": "Nicolas Souli\u00e9"}}, {"model": "catalogue.artist", "pk": 51, "fields": {"name": "J\u00e9rome Daran"}}, {"model": "catalogue.artist", "pk": 52, "fields": {"name": "Alexis Macquart"}}, {"model": "catalogue.artist", "pk": 53, "fields": {"name": "St\u00e9phane Murat"}}, {"model": "catalogue.artist", "pk": 55, "fields": {"name": "Esteban Perroy"}}, {"model": "catalogue.artist", "pk": 56, "fields": {"name": "Erwan Le Guen"}}, {"model": "catalogue.director", "pk": 1, "fields": {"name": "Sebastien Azzopardi"}}, {"model": "catalogue.director", "pk": 2, "fields": {"name": "Enver Recepovic"}}, {"model": "catalogue.director", "pk": 3, "fields": {"name": "Vincent Caire"}}, {"model": "catalogue.director", "pk": 4, "fields": {"name": "Tristan Petitgirard"}}, {"model": "catalogue.director", "pk": 5, "fields": {"name": "Romain Thunin"}}, {"model": "catalogue.director", "pk": 6, "fields": {"name": "Thierry Batteux"}}, {"model": "catalogue.director", "pk": 7, "fields": {"name": "David Rozen"}}, {"model": "catalogue.director", "pk": 8, "fields": {"name": "Caroline Cichoz"}}, {"model": "catalogue.director", "pk": 9, "fields": {"name": "William Mesguich"}}, {"model": "catalogue.place", "pk": 1, "fields": {"name": "Th\u00e9\u00e2tre de la Tour Eiffel", "space_available": 499, "street": "4 square Rapp", "city": "paris", "postal_code": "75007", "department": "75"}}, {"model": "catalogue.place", "pk": 2, "fields": {"name": "Com\u00e9die Saint Martin", "space_available": 260, "street": "33 boulevard Saint Martin", "city": "paris", "postal_code": "75003", "department": "75"}}, {"model": "catalogue.place", "pk": 3, "fields": {"name": "Le R\u00e9publique", "space_available": 400, "street": "23 place de la R\u00e9publique", "city": "paris", "postal_code": "75003", "department": "75"}}, {"model": "catalogue.place", "pk": 4, "fields": {"name": "Cirque d'Hiver Bouglione", "space_available": 1000, "street": "110 Rue Amelot", "city": "Paris", "postal_code": "75011", "department": "75"}}, {"model": "catalogue.place", "pk": 5, "fields": {"name": "L'Alhambra", "space_available": 400, "street": "21 rue Yves Toudic", "city": "paris", "postal_code": "75010", "department": "75"}}, {"model": "catalogue.place", "pk": 6, "fields": {"name": "Th\u00e9\u00e2tre Michel", "space_available": 350, "street": "38, rue des Mathurins", "city": "Paris", "postal_code": "75008", "department": "75"}}, {"model": "catalogue.place", "pk": 7, "fields": {"name": "Com\u00e9die Bastille", "space_available": 188, "street": "5 rue Nicolas Appert", "city": "paris", "postal_code": "75011", "department": "75"}}, {"model": "catalogue.place", "pk": 8, "fields": {"name": "Basilique Saint Nicolas", "space_available": 400, "street": "5 rue Affre", "city": "Nantes", "postal_code": "44400", "department": "44"}}, {"model": "catalogue.place", "pk": 9, "fields": {"name": "Th\u00e9\u00e2tre La Boussole", "space_available": 400, "street": "29 rue de Dunkerque", "city": "paris", "postal_code": "75010", "department": "75"}}, {"model": "catalogue.place", "pk": 10, "fields": {"name": "Th\u00e9\u00e2tre de la Renaissance", "space_available": 650, "street": "20, Bd Saint-Martin", "city": "Paris", "postal_code": "75010", "department": "75"}}, {"model": "catalogue.place", "pk": 11, "fields": {"name": "Le Grand Point Virgule", "space_available": 200, "street": "8 bis rue de l'Arriv\u00e9e", "city": "paris", "postal_code": "75015", "department": "75"}}, {"model": "catalogue.place", "pk": 12, "fields": {"name": "Th\u00e9\u00e2tre du Roi Ren\u00e9", "space_available": 49, "street": "12 rue Edouard Lockroy", "city": "paris", "postal_code": "75011", "department": "75"}}, {"model": "catalogue.meeting", "pk": 8, "fields": {"photo": "meeting/2019/02/27/vz-33C8CCCF-FB7F-4007-BDFB-1F7458FCC357.jpeg", "place": 7, "price": 15.0, "authors": [7, 8], "artists": [31, 28, 30, 29], "directors": [5]}}, {"model": "catalogue.meeting", "pk": 4, "fields": {"photo": "meeting/2019/02/27/vz-3EBBE111-38C2-468B-A50C-853C4045DCE9.jpeg", "place": 4, "price": 19.6, "authors": [], "artists": [], "directors": []}}, {"model": "catalogue.meeting", "pk": 12, "fields": {"photo": "meeting/2019/02/27/vz-13BC96F1-8E73-4943-8555-964877E8E381.jpeg", "place": 11, "price": 15.0, "authors": [], "artists": [52, 51, 53], "directors": [8]}}, {"model": "catalogue.meeting", "pk": 3, "fields": {"photo": "meeting/2019/02/27/vz-2B224A18-C3F5-4B2C-B2E5-37650C5AC78C.jpeg", "place": 3, "price": 15.0, "authors": [4, 5], "artists": [23, 16, 15, 22, 24, 20, 19, 21, 18, 17, 13, 12, 14], "directors": [2]}}, {"model": "catalogue.meeting", "pk": 7, "fields": {"photo": "meeting/2019/02/27/vz-A646DE3E-550A-4FB7-B7E0-9F84CD253844.jpeg", "place": 6, "price": 15.0, "authors": [6], "artists": [27, 26], "directors": [4]}}, {"model": "catalogue.meeting", "pk": 11, "fields": {"photo": "meeting/2019/02/27/vz-2C566E21-82E0-4C9B-BDDB-06AB24CA1F8E.jpeg", "place": 10, "price": 15.0, "authors": [13, 11, 12, 10], "artists": [40, 47, 42, 37, 45, 36, 43, 50, 39, 49, 44, 41, 48, 38, 46], "directors": [7]}}, {"model": "catalogue.meeting", "pk": 2, "fields": {"photo": "meeting/2019/02/26/vz-FC6785FE-3931-4242-826B-8083D527C0AB.jpeg", "place": 2, "price": 15.0, "authors": [3], "artists": [9, 7, 10, 6, 11, 8], "directors": []}}, {"model": "catalogue.meeting", "pk": 6, "fields": {"photo": "meeting/2019/02/27/vz-C9F9D50E-A42B-4BCE-9C8A-054B62F13F6B.jpeg", "place": 5, "price": 15.0, "authors": [], "artists": [], "directors": [3]}}, {"model": "catalogue.meeting", "pk": 1, "fields": {"photo": "meeting/2019/02/26/vz-FB6C9040-B833-46F6-A1D5-05891FA9A82E.jpeg", "place": 1, "price": 15.0, "authors": [2, 1], "artists": [5, 3, 4, 2, 1], "directors": [1]}}, {"model": "catalogue.meeting", "pk": 5, "fields": {"photo": "meeting/2019/02/27/vz-4D67EAAE-F441-4E82-9671-C79C897FCCCF.jpeg", "place": 3, "price": 15.0, "authors": [], "artists": [25], "directors": []}}, {"model": "catalogue.meeting", "pk": 9, "fields": {"photo": "meeting/2019/02/27/vz-014D8955-301A-4A77-87BA-68D108A180C4.jpeg", "place": 8, "price": 15.0, "authors": [], "artists": [32, 34, 33], "directors": []}}, {"model": "catalogue.meeting", "pk": 10, "fields": {"photo": "meeting/2019/02/27/vz-F952AF68-7C6E-4C15-92DE-802B3F45B395.jpeg", "place": 9, "price": 15.0, "authors": [9], "artists": [35], "directors": [6]}}, {"model": "catalogue.meeting", "pk": 13, "fields": {"photo": "meeting/2019/02/28/vz-61F6BB5B-801D-42AB-AF6E-F096809F7802.jpg", "place": 12, "price": 16.5, "authors": [14], "artists": [56, 55], "directors": [9]}}]